"Trends","Search volume","Started","Ended","Trend breakdown","Explore link"
"usa u-19 vs india u-19","500K+","January 15, 2026 at 12:30:00 PM UTC+5:30",,"usa u-19 vs india u-19,henil patel,u19 cricket world cup,u19 world cup,ind vs usa u19,kanishk chouhan,united states national under-19 cricket team vs india national under-19 cricket team match scorecard,india u19 world cup live score,under 19 world cup 2026,ind u19 vs usa u19,u19,under-19 world cup,khilan patel,u19 world cup 2026,ind u19,u 19 world cup 2026,u 19 world cup,india vs usa,india vs usa u19,ind vs usa u19 live score,india vs usa under 19 today match,karnataka cricket team vs vidarbha cricket team match scorecard,usa vs ind,india vs usa under-19 today match scorecard,under 19,india u19,ind u19 world cup,ind vs usa u19 scorecard,united states national under-19 cricket team vs india national under-19 cricket team timeline,u19 cricket world cup schedule,india national under-19 cricket team,ind vs usa u19 world cup,united states national under-19 cricket team vs india national under-19 cricket team standings,india u19 vs usa u19","./explore?q=usa%20u-19%20vs%20india%20u-19&geo=IN"
"albacete vs real madrid","200K+","January 15, 2026 at 12:20:00 AM UTC+5:30",,"albacete vs real madrid,real madrid,albacete balompié vs real madrid,albacete balompié","./explore?q=albacete%20vs%20real%20madrid&geo=IN"
"indians vs warriorz","100K+","January 15, 2026 at 6:50:00 PM UTC+5:30",,"indians vs warriorz,mi vs upw,mumbai indians (wpl) vs up warriorz match scorecard,mi vs up,nat sciver-brunt,wpl 2026: miw vs upw,upw vs mi,mi vs up wpl,mumbai indians (wpl) vs up warriorz timeline,up vs mi,mi w vs up w,miw vs upw","./explore?q=indians%20vs%20warriorz&geo=IN"
"karnataka vs vidarbha","50K+","January 15, 2026 at 1:30:00 PM UTC+5:30",,"karnataka vs vidarbha,aman mokhade,darshan nalkande,kar vs vid,dhruv shorey,vijay hazare trophy cricket,vidyadhar patil,karun nair","./explore?q=karnataka%20vs%20vidarbha&geo=IN"
"bgmi 4.2 update release date","50K+","January 15, 2026 at 5:10:00 AM UTC+5:30",,"bgmi 4.2 update release date,bgmi 4.2 update,bgmi new update,battlegrounds mobile india,bgmi update,bgmi new update 4.2 release date,bgmi 4.2,bgmi update 4.2 release date,bgmi 4.2 update release date and time,bgmi update 4.2,bgmi new update date","./explore?q=bgmi%204.2%20update%20release%20date&geo=IN"
"kalamkaval","20K+","January 15, 2026 at 12:20:00 PM UTC+5:30",,"kalamkaval,kalamkaval ott,kalamkaval ott release,mammootty","./explore?q=kalamkaval&geo=IN"
"harleen deol","20K+","January 15, 2026 at 9:50:00 PM UTC+5:30",,"harleen deol,kiran navgire","./explore?q=harleen%20deol&geo=IN"
"iran airspace","20K+","January 15, 2026 at 4:40:00 PM UTC+5:30",,"iran airspace,flight radar,flight radar 24,qatar airways,flightradar24","./explore?q=iran%20airspace&geo=IN"
"4th grade result","50K+","January 15, 2026 at 7:40:00 AM UTC+5:30",,"4th grade result,rsmssb,rsmssb result,4th grade result rajasthan,rssb results,rssb 4th grade result,fourth grade result,rssb.rajasthan.gov.in,rssb.rajasthan.gov.in 2025,4 grade result,rssb result,4th grade cut off,rssb.rajasthan.gov.in result,rajasthan 4th grade result 2025,4th grade result date,rssb rajasthan gov in","./explore?q=4th%20grade%20result&geo=IN"
"indian army day","50K+","January 14, 2026 at 11:30:00 PM UTC+5:30",,"indian army day,army day 2026,indian army day 2026,indian army,army day parade 2026,happy army day,army","./explore?q=indian%20army%20day&geo=IN"
"ind vs usa","20K+","January 15, 2026 at 12:50:00 PM UTC+5:30",,"ind vs usa,यूएसए यू-19 बनाम इंडिया यू-19,हेनिल पटेल","./explore?q=ind%20vs%20usa&geo=IN"
"2026 suzuki gixxer 250 price","10K+","January 15, 2026 at 5:50:00 PM UTC+5:30",,"2026 suzuki gixxer 250 price","./explore?q=2026%20suzuki%20gixxer%20250%20price&geo=IN"
"bmc election results","50K+","January 15, 2026 at 1:30:00 PM UTC+5:30",,"bmc election results,exit poll maharashtra,mumbai election,exit poll bmc election 2025,bmc election result date,bmc election 2026 exit poll,john abraham,voting percentage in maharashtra,maharashtra election,voting percentage in mumbai,voting,voter helpline,voting time,how to check voting booth,bmc voting percentage,epic number,mumbai voting percentage,election time in maharashtra,election booth search,election commission of maharashtra,vote,maharashtra voter list,election voter list,voting time in mumbai,exit polls,voter id card,nmc,bmc election results date,mumbai election results,maharashtra election commission,municipal corporation election in maharashtra 2026,voter id search by name,voting percentage in maharashtra today,eci maharashtra,how to find voting booth,state election commission,voting timing,maharashtra election date 2026,check voting booth,mumbai bmc election result 2026,electoral search,voter id card check online,voting timing in maharashtra,maharashtra election voter list,bmc election voter list,mumbai election date 2026,which election is going on in maharashtra,polling booth number check maharashtra,how to check name in voter list,nmc election 2026,pmc election voter list,election date in maharashtra 2026,know your polling booth maharashtra,india today","./explore?q=bmc%20election%20results&geo=IN"
"nigeria vs morocco","20K+","January 15, 2026 at 12:40:00 AM UTC+5:30",,"nigeria vs morocco,africa cup of nations,morocco fc,morocco vs nigeria,morocco national football team,morocco","./explore?q=nigeria%20vs%20morocco&geo=IN"
"ssc gd result","10K+","January 15, 2026 at 9:20:00 PM UTC+5:30",,"ssc gd result,ssc gd final result 2025,ssc gd result 2025,ssc gd final cut off 2025 state wise,ssc result 2025,ssc gd final result,ssc gd 2025 final result,ssc.gov .in","./explore?q=ssc%20gd%20result&geo=IN"
"crpf","2K+","January 15, 2026 at 9:30:00 PM UTC+5:30",,"crpf","./explore?q=crpf&geo=IN"
"köln vs bayern","20K+","January 15, 2026 at 12:10:00 AM UTC+5:30",,"köln vs bayern,bundesliga","./explore?q=k%C3%B6ln%20vs%20bayern&geo=IN"
"indian stock market","50K+","January 15, 2026 at 10:30:00 AM UTC+5:30",,"indian stock market,nse holidays 2026,15,is market closed on 15th jan,is stock market open today,stock market today,share market holiday 2026,stock market holidays 2026,stock market holidays,market holidays 2026,nse holidays,today market open,is indian stock market open today,today share market open or not,share market holiday,market holidays,mcx holidays 2026,bse holidays 2026,today share market,is share market open today,is market closed today,market today,nse holiday,is stock market closed today,is market open today,today stock market holiday,nse holiday list 2026,market closed today,trading holidays 2026,today stock market open,today market,is nse closed today,is share market closed today,share market,today share market holiday,is share market open on 15th jan 2026,today nse holiday,today market holiday,is stock market open on 15th jan 2026,share market holidays,is today stock market holiday,is nse open today,stock market closed today","./explore?q=indian%20stock%20market&geo=IN"
"ssc mts slot booking","10K+","January 15, 2026 at 12:20:00 AM UTC+5:30",,"ssc mts slot booking,ssc mts slot booking date 2026,ssc mts slot booking date,mts slot booking","./explore?q=ssc%20mts%20slot%20booking&geo=IN"
"14 जनवरी 2026 चांदी का भाव","5K+","January 15, 2026 at 5:10:00 PM UTC+5:30",,"14 जनवरी 2026 चांदी का भाव,15 january ko kya hai","./explore?q=14%20%E0%A4%9C%E0%A4%A8%E0%A4%B5%E0%A4%B0%E0%A5%80%202026%20%E0%A4%9A%E0%A4%BE%E0%A4%82%E0%A4%A6%E0%A5%80%20%E0%A4%95%E0%A4%BE%20%E0%A4%AD%E0%A4%BE%E0%A4%B5&geo=IN"
"michael carrick","5K+","January 15, 2026 at 3:00:00 PM UTC+5:30",,"michael carrick","./explore?q=michael%20carrick&geo=IN"
"deepesh devendran","10K+","January 15, 2026 at 1:00:00 PM UTC+5:30",,"deepesh devendran","./explore?q=deepesh%20devendran&geo=IN"
"ssc mts","5K+","January 15, 2026 at 12:00:00 AM UTC+5:30",,"ssc mts","./explore?q=ssc%20mts&geo=IN"
"rbi office attendant","5K+","January 15, 2026 at 8:30:00 AM UTC+5:30",,"rbi office attendant,rbi office attendant notification,rbi office attendant notification 2026","./explore?q=rbi%20office%20attendant&geo=IN"
"ssc gd","5K+","January 15, 2026 at 10:00:00 PM UTC+5:30",,"ssc gd","./explore?q=ssc%20gd&geo=IN"
"ttt movie","5K+","January 15, 2026 at 1:00:00 PM UTC+5:30",,"ttt movie,thalaivar thambi thalaimaiyil review,ttt","./explore?q=ttt%20movie&geo=IN"
"bsf","5K+","January 15, 2026 at 9:50:00 PM UTC+5:30",,"bsf,itbp","./explore?q=bsf&geo=IN"
"prince of persia remake","2K+","January 15, 2026 at 3:00:00 PM UTC+5:30",,"prince of persia remake","./explore?q=prince%20of%20persia%20remake&geo=IN"
"bteup odd semester result 2025","2K+","January 15, 2026 at 2:40:00 PM UTC+5:30",,"bteup odd semester result 2025","./explore?q=bteup%20odd%20semester%20result%202025&geo=IN"
"exit poll bmc 2026","10K+","January 15, 2026 at 6:10:00 PM UTC+5:30",,"exit poll bmc 2026,bmc exit poll,aaj tak live,bmc election 2026 result,bmc election exit poll,bmc election exit poll 2026,aaj tak,bmc election result","./explore?q=exit%20poll%20bmc%202026&geo=IN"
"tennis australian open","5K+","January 15, 2026 at 7:50:00 AM UTC+5:30",,"tennis australian open,australian open tennis","./explore?q=tennis%20australian%20open&geo=IN"
"sophie ecclestone","5K+","January 15, 2026 at 8:20:00 PM UTC+5:30",,"sophie ecclestone","./explore?q=sophie%20ecclestone&geo=IN"
"verona vs bologna","20K+","January 15, 2026 at 10:20:00 PM UTC+5:30",,"verona vs bologna,real betis vs elche,rma,az alkmaar vs ajax","./explore?q=verona%20vs%20bologna&geo=IN"
"taskaree the smuggler's cast","5K+","January 14, 2026 at 11:40:00 PM UTC+5:30",,"taskaree the smuggler's cast,neeraj pandey,emraan hashmi,the smuggler web series,web series","./explore?q=taskaree%20the%20smuggler%27s%20cast&geo=IN"
"jennie","2K+","January 15, 2026 at 8:30:00 PM UTC+5:30",,"jennie","./explore?q=jennie&geo=IN"
"amanjot kaur","50K+","January 15, 2026 at 7:40:00 PM UTC+5:30","January 15, 2026 at 10:00:00 PM UTC+5:30","amanjot kaur","./explore?q=amanjot%20kaur&geo=IN"
"dev anand","2K+","January 15, 2026 at 12:30:00 PM UTC+5:30",,"dev anand","./explore?q=dev%20anand&geo=IN"
"ఇప్పటికే","5K+","January 15, 2026 at 12:20:00 PM UTC+5:30",,"ఇప్పటికే","./explore?q=%E0%B0%87%E0%B0%AA%E0%B1%8D%E0%B0%AA%E0%B0%9F%E0%B0%BF%E0%B0%95%E0%B1%87&geo=IN"
"हरलीन देओल","2K+","January 15, 2026 at 10:00:00 PM UTC+5:30",,"हरलीन देओल,इंडियंस बनाम वारियर्स,abhishek nayar","./explore?q=%E0%A4%B9%E0%A4%B0%E0%A4%B2%E0%A5%80%E0%A4%A8%20%E0%A4%A6%E0%A5%87%E0%A4%93%E0%A4%B2&geo=IN"
"pc vs pr","2K+","January 15, 2026 at 8:40:00 PM UTC+5:30",,"pc vs pr","./explore?q=pc%20vs%20pr&geo=IN"
"atharva taide","2K+","January 15, 2026 at 6:00:00 PM UTC+5:30",,"atharva taide","./explore?q=atharva%20taide&geo=IN"
"copa del rey","100K+","January 15, 2026 at 12:20:00 AM UTC+5:30","January 15, 2026 at 4:10:00 PM UTC+5:30","copa del rey","./explore?q=copa%20del%20rey&geo=IN"
"seven dials netflix","2K+","January 15, 2026 at 2:50:00 PM UTC+5:30",,"seven dials netflix,seven dials","./explore?q=seven%20dials%20netflix&geo=IN"
"citi ceo jane fraser","2K+","January 15, 2026 at 1:40:00 PM UTC+5:30",,"citi ceo jane fraser","./explore?q=citi%20ceo%20jane%20fraser&geo=IN"
"michael phelps","1K+","January 15, 2026 at 9:20:00 PM UTC+5:30",,"michael phelps","./explore?q=michael%20phelps&geo=IN"
"rajasthan 4th grade result","2K+","January 15, 2026 at 3:10:00 PM UTC+5:30",,"rajasthan 4th grade result,4rth grade result","./explore?q=rajasthan%204th%20grade%20result&geo=IN"
"sophie turner","1K+","January 15, 2026 at 8:20:00 PM UTC+5:30",,"sophie turner","./explore?q=sophie%20turner&geo=IN"
"exit poll","5K+","January 15, 2026 at 6:20:00 PM UTC+5:30",,"exit poll,abp maza,abp majha,मराठी","./explore?q=exit%20poll&geo=IN"
"arirang","1K+","January 15, 2026 at 8:30:00 PM UTC+5:30",,"arirang","./explore?q=arirang&geo=IN"
"jee mains 2026 admit card","2K+","January 15, 2026 at 7:10:00 PM UTC+5:30",,"jee mains 2026 admit card,jee mains admit card","./explore?q=jee%20mains%202026%20admit%20card&geo=IN"
"the bluff movie","2K+","January 15, 2026 at 10:40:00 AM UTC+5:30",,"the bluff movie,video film","./explore?q=the%20bluff%20movie&geo=IN"
"dax index","1K+","January 15, 2026 at 10:10:00 PM UTC+5:30",,"dax index","./explore?q=dax%20index&geo=IN"
"china shaksgam valley","2K+","January 15, 2026 at 3:30:00 PM UTC+5:30",,"china shaksgam valley","./explore?q=china%20shaksgam%20valley&geo=IN"
"rbi","5K+","January 15, 2026 at 8:40:00 AM UTC+5:30",,"rbi","./explore?q=rbi&geo=IN"
"mattu pongal","2K+","January 15, 2026 at 9:10:00 AM UTC+5:30",,"mattu pongal,mattu pongal 2026","./explore?q=mattu%20pongal&geo=IN"
"dhanush","2K+","January 15, 2026 at 11:50:00 AM UTC+5:30",,"dhanush,vignesh raja","./explore?q=dhanush&geo=IN"
"ibps","20K+","January 15, 2026 at 7:20:00 AM UTC+5:30","January 15, 2026 at 9:10:00 PM UTC+5:30","ibps,ibps po,ibps po final result 2025,ibps po result,ibps po final result","./explore?q=ibps&geo=IN"
"mrunal thakur","200+","January 15, 2026 at 10:10:00 PM UTC+5:30",,"mrunal thakur","./explore?q=mrunal%20thakur&geo=IN"
"finn allen","10K+","January 15, 2026 at 2:10:00 PM UTC+5:30","January 15, 2026 at 8:20:00 PM UTC+5:30","finn allen,harry dixon","./explore?q=finn%20allen&geo=IN"
"sof results","10K+","January 15, 2026 at 2:40:00 PM UTC+5:30","January 15, 2026 at 10:20:00 PM UTC+5:30","sof results,sof,result@sofworld.org,sof imo results 2025-26","./explore?q=sof%20results&geo=IN"
"perth scorchers vs renegades","20K+","January 15, 2026 at 6:10:00 PM UTC+5:30","January 15, 2026 at 7:50:00 PM UTC+5:30","perth scorchers vs renegades,tim seifert,sco vs ren,brendan doggett,perth scorchers vs melbourne renegades standings,mahli beardman,ren vs sco","./explore?q=perth%20scorchers%20vs%20renegades&geo=IN"
"up warriorz","2K+","January 15, 2026 at 10:20:00 PM UTC+5:30",,"up warriorz,upw,delhi capitals wpl","./explore?q=up%20warriorz&geo=IN"
"venkatesh","500+","January 15, 2026 at 8:50:00 PM UTC+5:30",,"venkatesh","./explore?q=venkatesh&geo=IN"
"central government salary account","10K+","January 15, 2026 at 4:30:00 AM UTC+5:30","January 15, 2026 at 7:40:00 PM UTC+5:30","central government salary account,account","./explore?q=central%20government%20salary%20account&geo=IN"
"kranti gaud","2K+","January 15, 2026 at 7:30:00 PM UTC+5:30","January 15, 2026 at 10:00:00 PM UTC+5:30","kranti gaud","./explore?q=kranti%20gaud&geo=IN"
"gunalan kamalini","10K+","January 15, 2026 at 7:50:00 PM UTC+5:30","January 15, 2026 at 9:00:00 PM UTC+5:30","gunalan kamalini","./explore?q=gunalan%20kamalini&geo=IN"
"happy pongal greetings","20K+","January 15, 2026 at 8:40:00 AM UTC+5:30","January 15, 2026 at 3:30:00 PM UTC+5:30","happy pongal greetings,happy pongal 2026 tamil,pongal wishes in english,happy pongal wishes in tamil,pongal wishes in tamil 2026,pongal wishes in tamil images,happy pongal 2026 wishes,pongal wish,tamil calendar 2026,pongal wishes in tamil quotes,happy pongal 2026 images,tamil calendar,happy pongal tamil,thai pongal 2026,pongal greetings in tamil,simple kolam designs,pongal quotes,pongal status,happy pongal 2026 in tamil,happy pongal tamil wishes,happy pongal 2026 wishes tamil,iniya pongal","./explore?q=happy%20pongal%20greetings&geo=IN"
"efl cup","20K+","January 15, 2026 at 12:50:00 AM UTC+5:30","January 15, 2026 at 9:30:00 AM UTC+5:30","efl cup,arsenal vs chelsea,carabao cup,chelsea,arsenal,arsenal f.c.,efl,alejandro garnacho,chelsea f.c.,arsenal fc,chelsea fc,arsenal f.c,chelsea f.c. vs arsenal f.c.,ben white","./explore?q=efl%20cup&geo=IN"
"jennie kim","500+","January 15, 2026 at 9:20:00 PM UTC+5:30",,"jennie kim","./explore?q=jennie%20kim&geo=IN"
"xiaomi redmi note 15 pro+","200+","January 15, 2026 at 11:00:00 PM UTC+5:30",,"xiaomi redmi note 15 pro+","./explore?q=xiaomi%20redmi%20note%2015%20pro%2B&geo=IN"
"bridgerton","1K+","January 15, 2026 at 11:50:00 AM UTC+5:30",,"bridgerton","./explore?q=bridgerton&geo=IN"
"sam elliott","5K+","January 15, 2026 at 2:20:00 PM UTC+5:30","January 15, 2026 at 7:00:00 PM UTC+5:30","sam elliott","./explore?q=sam%20elliott&geo=IN"
"election commission of india","10K+","January 15, 2026 at 7:40:00 AM UTC+5:30","January 15, 2026 at 2:40:00 PM UTC+5:30","election commission of india","./explore?q=election%20commission%20of%20india&geo=IN"
"voter id","10K+","January 15, 2026 at 8:30:00 AM UTC+5:30","January 15, 2026 at 3:10:00 PM UTC+5:30","voter id","./explore?q=voter%20id&geo=IN"
"palmeiras vs santos","5K+","January 15, 2026 at 3:20:00 AM UTC+5:30","January 15, 2026 at 2:40:00 PM UTC+5:30","palmeiras vs santos","./explore?q=palmeiras%20vs%20santos&geo=IN"
"jorge cestero","10K+","January 15, 2026 at 12:50:00 AM UTC+5:30","January 15, 2026 at 12:20:00 PM UTC+5:30","jorge cestero,david jiménez,cesar palacios,fran garcía","./explore?q=jorge%20cestero&geo=IN"
"inter vs lecce","10K+","January 15, 2026 at 12:20:00 AM UTC+5:30","January 15, 2026 at 1:20:00 PM UTC+5:30","inter vs lecce,inter milan","./explore?q=inter%20vs%20lecce&geo=IN"
"bison movie","2K+","January 15, 2026 at 4:20:00 PM UTC+5:30","January 15, 2026 at 8:50:00 PM UTC+5:30","bison movie","./explore?q=bison%20movie&geo=IN"
"अमनजोत कौर","2K+","January 15, 2026 at 7:40:00 PM UTC+5:30","January 15, 2026 at 9:50:00 PM UTC+5:30","अमनजोत कौर,डब्ल्यूपीएल","./explore?q=%E0%A4%85%E0%A4%AE%E0%A4%A8%E0%A4%9C%E0%A5%8B%E0%A4%A4%20%E0%A4%95%E0%A5%8C%E0%A4%B0&geo=IN"
"pubg","2K+","January 15, 2026 at 7:50:00 AM UTC+5:30","January 15, 2026 at 8:30:00 PM UTC+5:30","pubg","./explore?q=pubg&geo=IN"
"ashwini gowda","200+","January 15, 2026 at 10:30:00 PM UTC+5:30",,"ashwini gowda","./explore?q=ashwini%20gowda&geo=IN"
"tv9 marathi live","2K+","January 15, 2026 at 10:30:00 AM UTC+5:30","January 15, 2026 at 8:50:00 PM UTC+5:30","tv9 marathi live","./explore?q=tv9%20marathi%20live&geo=IN"
"sankranti wishes in kannada","5K+","January 15, 2026 at 4:30:00 AM UTC+5:30","January 15, 2026 at 2:10:00 PM UTC+5:30","sankranti wishes in kannada,makar sankranti wishes in kannada,happy sankranti wishes in kannada,makar sankranti 2026 wishes in kannada","./explore?q=sankranti%20wishes%20in%20kannada&geo=IN"
"new zealand live cricket match","10K+","January 14, 2026 at 11:40:00 PM UTC+5:30","January 15, 2026 at 9:10:00 AM UTC+5:30","new zealand live cricket match,cricket match new zealand,cricket match new zealand india,live cricket match ind vs nz,yesterday match,yesterday cricket match,yesterday match result","./explore?q=new%20zealand%20live%20cricket%20match&geo=IN"
"15 january 2026","5K+","January 15, 2026 at 12:00:00 AM UTC+5:30","January 15, 2026 at 5:50:00 PM UTC+5:30","15 january 2026,राशिफल,15 january,कुंभ राशिफल 14 जनवरी 2026,15 jan,मेष राशिफल 15 जनवरी 2026","./explore?q=15%20january%202026&geo=IN"
"gold silver prices","5K+","January 15, 2026 at 4:40:00 PM UTC+5:30","January 15, 2026 at 6:50:00 PM UTC+5:30","gold silver prices,share market today,gold silver price record","./explore?q=gold%20silver%20prices&geo=IN"
"sankranthi wishes","5K+","January 15, 2026 at 4:50:00 AM UTC+5:30","January 15, 2026 at 1:10:00 PM UTC+5:30","sankranthi wishes,happy sankranti 2026 wishes,makar sankranti 2026 wishes,sankranthi 2026,happy makar sankranti 2026 wishes","./explore?q=sankranthi%20wishes&geo=IN"
"pongal wishes 2026","10K+","January 15, 2026 at 4:00:00 AM UTC+5:30","January 15, 2026 at 12:20:00 PM UTC+5:30","pongal wishes 2026,இனிய பொங்கல் நல்வாழ்த்துக்கள்,happy pongal wishes 2026,pongal 2026 wishes,pongal timing 2026,பொங்கல் வைக்க நல்ல நேரம் 2026,pongal wishes images,பொங்கல் வைக்கும் நேரம் 2026,பொங்கல் வாழ்த்துக்கள் 2026,pongal time 2026 nalla neram,pongal nalla neram 2026,thai pongal wishes in tamil,pongal 2026 wishes in tamil,pongal greetings 2026 images,pongal tamil wishes,பொங்கல் வாழ்த்துக்கள் கவிதை,பொங்கல் நல்வாழ்த்துக்கள்,pongal tamil","./explore?q=pongal%20wishes%202026&geo=IN"
"yellamma movie","1K+","January 15, 2026 at 5:20:00 PM UTC+5:30","January 15, 2026 at 11:00:00 PM UTC+5:30","yellamma movie","./explore?q=yellamma%20movie&geo=IN"
"sankranthi subhakankshalu","10K+","January 15, 2026 at 6:20:00 AM UTC+5:30","January 15, 2026 at 1:00:00 PM UTC+5:30","sankranthi subhakankshalu,happy sankranti in telugu,sankranti subhakankshalu in telugu,sankranti wishes telugu,sankranti wishes in telugu text,makar sankranti wishes in telugu,sankranti 2026 wishes in telugu,sankranthi wishes in telugu,మకర సంక్రాంతి శుభాకాంక్షలు 2026","./explore?q=sankranthi%20subhakankshalu&geo=IN"
"where to watch united states national under-19 cricket team vs india national under-19 cricket team","2K+","January 15, 2026 at 1:50:00 PM UTC+5:30","January 15, 2026 at 8:20:00 PM UTC+5:30","where to watch united states national under-19 cricket team vs india national under-19 cricket team,icc under-19 cricket world cup,tanzania u-19 vs west indies u-19","./explore?q=where%20to%20watch%20united%20states%20national%20under-19%20cricket%20team%20vs%20india%20national%20under-19%20cricket%20team&geo=IN"
"jefté betancor","5K+","January 15, 2026 at 3:20:00 AM UTC+5:30","January 15, 2026 at 11:20:00 AM UTC+5:30","jefté betancor,albacete,real madrid cf,real madrid fc,madrid match,albacete balompié vs real madrid lineups,real madrid games,copa del rey games,rma fc,albacete balompié vs real madrid stats","./explore?q=jeft%C3%A9%20betancor&geo=IN"
"state election commission maharashtra","2K+","January 15, 2026 at 7:30:00 AM UTC+5:30","January 15, 2026 at 3:00:00 PM UTC+5:30","state election commission maharashtra,election commission","./explore?q=state%20election%20commission%20maharashtra&geo=IN"
"juwai teer result","10K+","January 15, 2026 at 2:30:00 PM UTC+5:30","January 15, 2026 at 4:50:00 PM UTC+5:30","juwai teer result,teer result,khanapara teer result,shillong teer chart,teer result today","./explore?q=juwai%20teer%20result&geo=IN"
"ryan hurst","2K+","January 15, 2026 at 2:00:00 AM UTC+5:30","January 15, 2026 at 2:10:00 PM UTC+5:30","ryan hurst","./explore?q=ryan%20hurst&geo=IN"
"मेग लैनिंग","200+","January 15, 2026 at 9:30:00 PM UTC+5:30","January 15, 2026 at 10:40:00 PM UTC+5:30","मेग लैनिंग","./explore?q=%E0%A4%AE%E0%A5%87%E0%A4%97%20%E0%A4%B2%E0%A5%88%E0%A4%A8%E0%A4%BF%E0%A4%82%E0%A4%97&geo=IN"
"happy sankranti wishes","5K+","January 15, 2026 at 6:30:00 AM UTC+5:30","January 15, 2026 at 11:50:00 AM UTC+5:30","happy sankranti wishes,sankranti wishes 2026,sankranti 2026 wishes,sankranti wishes in english,sankranti wishes images,makar sankranti wishes in english,happy makar sankranti 2026 images,sankranti songs","./explore?q=happy%20sankranti%20wishes&geo=IN"
"યુએસએ યુ-૧૯ વિ. ઇન્ડિયા યુ-૧૯","500+","January 15, 2026 at 8:00:00 PM UTC+5:30","January 15, 2026 at 9:40:00 PM UTC+5:30","યુએસએ યુ-૧૯ વિ. ઇન્ડિયા યુ-૧૯","./explore?q=%E0%AA%AF%E0%AB%81%E0%AA%8F%E0%AA%B8%E0%AA%8F%20%E0%AA%AF%E0%AB%81-%E0%AB%A7%E0%AB%AF%20%E0%AA%B5%E0%AA%BF.%20%E0%AA%87%E0%AA%A8%E0%AB%8D%E0%AA%A1%E0%AA%BF%E0%AA%AF%E0%AA%BE%20%E0%AA%AF%E0%AB%81-%E0%AB%A7%E0%AB%AF&geo=IN"
"ladli behna yojana","2K+","January 15, 2026 at 8:40:00 AM UTC+5:30","January 15, 2026 at 8:10:00 PM UTC+5:30","ladli behna yojana","./explore?q=ladli%20behna%20yojana&geo=IN"
"iqoo 15","2K+","January 15, 2026 at 2:40:00 AM UTC+5:30","January 15, 2026 at 10:50:00 PM UTC+5:30","iqoo 15","./explore?q=iqoo%2015&geo=IN"
"సంక్రాంతి శుభాకాంక్షలు","2K+","January 15, 2026 at 4:20:00 AM UTC+5:30","January 15, 2026 at 11:40:00 AM UTC+5:30","సంక్రాంతి శుభాకాంక్షలు","./explore?q=%E0%B0%B8%E0%B0%82%E0%B0%95%E0%B1%8D%E0%B0%B0%E0%B0%BE%E0%B0%82%E0%B0%A4%E0%B0%BF%20%E0%B0%B6%E0%B1%81%E0%B0%AD%E0%B0%BE%E0%B0%95%E0%B0%BE%E0%B0%82%E0%B0%95%E0%B1%8D%E0%B0%B7%E0%B0%B2%E0%B1%81&geo=IN"
"us visa processing 75 countries","5K+","January 15, 2026 at 2:00:00 AM UTC+5:30","January 15, 2026 at 8:00:00 AM UTC+5:30","us visa processing 75 countries,75 countries visa freeze,immigrant visas 75 countries,immigrant visas,pakistan","./explore?q=us%20visa%20processing%2075%20countries&geo=IN"
"porto vs benfica","2K+","January 15, 2026 at 1:40:00 AM UTC+5:30","January 15, 2026 at 10:30:00 AM UTC+5:30","porto vs benfica","./explore?q=porto%20vs%20benfica&geo=IN"
"mohammad rizwan","2K+","January 15, 2026 at 4:00:00 PM UTC+5:30","January 15, 2026 at 5:20:00 PM UTC+5:30","mohammad rizwan,will sutherland","./explore?q=mohammad%20rizwan&geo=IN"
"nagaland lottery","5K+","January 15, 2026 at 7:30:00 AM UTC+5:30","January 15, 2026 at 9:30:00 PM UTC+5:30","nagaland lottery,lottery sambad lottery sambad,dear lottery sambad,night lottery sambad,nagaland state lottery result,lottery sambad morning","./explore?q=nagaland%20lottery&geo=IN"
"పొంగల్","1K+","January 15, 2026 at 3:20:00 PM UTC+5:30","January 15, 2026 at 7:30:00 PM UTC+5:30","పొంగల్","./explore?q=%E0%B0%AA%E0%B1%8A%E0%B0%82%E0%B0%97%E0%B0%B2%E0%B1%8D&geo=IN"
"mayawati","1K+","January 15, 2026 at 7:40:00 AM UTC+5:30","January 15, 2026 at 9:00:00 PM UTC+5:30","mayawati","./explore?q=mayawati&geo=IN"
"gavi gangadhareshwara temple","500+","January 15, 2026 at 4:50:00 PM UTC+5:30","January 15, 2026 at 6:50:00 PM UTC+5:30","gavi gangadhareshwara temple","./explore?q=gavi%20gangadhareshwara%20temple&geo=IN"
"icc u19","500+","January 15, 2026 at 5:40:00 PM UTC+5:30","January 15, 2026 at 8:40:00 PM UTC+5:30","icc u19","./explore?q=icc%20u19&geo=IN"
"real madrid vs albacete","1K+","January 15, 2026 at 2:00:00 AM UTC+5:30","January 15, 2026 at 11:20:00 AM UTC+5:30","real madrid vs albacete","./explore?q=real%20madrid%20vs%20albacete&geo=IN"
"garmin quatix 8 pro","2K+","January 15, 2026 at 7:40:00 AM UTC+5:30","January 15, 2026 at 11:30:00 AM UTC+5:30","garmin quatix 8 pro","./explore?q=garmin%20quatix%208%20pro&geo=IN"
"bajaj chetak c2501","2K+","January 15, 2026 at 2:20:00 AM UTC+5:30","January 15, 2026 at 11:20:00 AM UTC+5:30","bajaj chetak c2501,bajaj chetak electric scooter","./explore?q=bajaj%20chetak%20c2501&geo=IN"
"temperature gurgaon","2K+","January 15, 2026 at 3:10:00 AM UTC+5:30","January 15, 2026 at 10:50:00 AM UTC+5:30","temperature gurgaon,gurgaon weather,today temperature delhi,temperature in gurgaon","./explore?q=temperature%20gurgaon&geo=IN"
"alavés vs rayo vallecano","1K+","January 15, 2026 at 1:00:00 AM UTC+5:30","January 15, 2026 at 10:00:00 AM UTC+5:30","alavés vs rayo vallecano","./explore?q=alav%C3%A9s%20vs%20rayo%20vallecano&geo=IN"
"mahindra xuv 7xo xev 9s","1K+","January 15, 2026 at 12:10:00 AM UTC+5:30","January 15, 2026 at 8:40:00 AM UTC+5:30","mahindra xuv 7xo xev 9s","./explore?q=mahindra%20xuv%207xo%20xev%209s&geo=IN"
"kospi","2K+","January 15, 2026 at 12:00:00 PM UTC+5:30","January 15, 2026 at 1:20:00 PM UTC+5:30","kospi,kospi index","./explore?q=kospi&geo=IN"
"share market today open","2K+","January 15, 2026 at 9:00:00 AM UTC+5:30","January 15, 2026 at 11:40:00 AM UTC+5:30","share market today open,today share market open","./explore?q=share%20market%20today%20open&geo=IN"
"ipo status check","5K+","January 14, 2026 at 11:50:00 PM UTC+5:30","January 15, 2026 at 11:10:00 AM UTC+5:30","ipo status check,ipo status,check ipo allotment status,bharat coking coal ipo,ipo,bccl,nse ipo status,bccl allotment","./explore?q=ipo%20status%20check&geo=IN"
"franco mastantuono","1K+","January 15, 2026 at 1:20:00 AM UTC+5:30","January 15, 2026 at 8:50:00 AM UTC+5:30","franco mastantuono","./explore?q=franco%20mastantuono&geo=IN"
"libra horoscope today","1K+","January 15, 2026 at 9:50:00 AM UTC+5:30","January 15, 2026 at 12:30:00 PM UTC+5:30","libra horoscope today","./explore?q=libra%20horoscope%20today&geo=IN"
"hang seng index","2K+","January 15, 2026 at 1:30:00 PM UTC+5:30","January 15, 2026 at 2:50:00 PM UTC+5:30","hang seng index","./explore?q=hang%20seng%20index&geo=IN"
"pongal greetings","1K+","January 15, 2026 at 6:30:00 AM UTC+5:30","January 15, 2026 at 10:40:00 AM UTC+5:30","pongal greetings,pongal in tamil","./explore?q=pongal%20greetings&geo=IN"
"bayern munich","1K+","January 15, 2026 at 1:00:00 AM UTC+5:30","January 15, 2026 at 7:10:00 AM UTC+5:30","bayern munich","./explore?q=bayern%20munich&geo=IN"
"assam police","500+","January 15, 2026 at 6:10:00 PM UTC+5:30","January 15, 2026 at 8:00:00 PM UTC+5:30","assam police","./explore?q=assam%20police&geo=IN"
"josh brown","1K+","January 15, 2026 at 3:40:00 PM UTC+5:30","January 15, 2026 at 4:30:00 PM UTC+5:30","josh brown","./explore?q=josh%20brown&geo=IN"
"anaganaga oka raju budget","500+","January 15, 2026 at 2:40:00 PM UTC+5:30","January 15, 2026 at 10:30:00 PM UTC+5:30","anaganaga oka raju budget","./explore?q=anaganaga%20oka%20raju%20budget&geo=IN"
"temperature delhi","2K+","January 15, 2026 at 6:50:00 AM UTC+5:30","January 15, 2026 at 9:20:00 AM UTC+5:30","temperature delhi,delhi temperature today,weather new delhi,temperature noida,delhi weather today,noida temperature","./explore?q=temperature%20delhi&geo=IN"
"mana shankara varaprasad garu","500+","January 15, 2026 at 4:50:00 AM UTC+5:30","January 15, 2026 at 9:00:00 AM UTC+5:30","mana shankara varaprasad garu","./explore?q=mana%20shankara%20varaprasad%20garu&geo=IN"
"beatriz","1K+","January 15, 2026 at 11:40:00 AM UTC+5:30","January 15, 2026 at 2:00:00 PM UTC+5:30","beatriz","./explore?q=beatriz&geo=IN"
"wellington vs otago","1K+","January 15, 2026 at 1:20:00 PM UTC+5:30","January 15, 2026 at 2:50:00 PM UTC+5:30","wellington vs otago,otago vs wellington","./explore?q=wellington%20vs%20otago&geo=IN"
"afcon 2025","2K+","January 15, 2026 at 12:20:00 AM UTC+5:30","January 15, 2026 at 8:30:00 AM UTC+5:30","afcon 2025,egypt,egypt fc,sadio mané,senegal,senegal fc,where to watch senegal national football team vs egypt national football team,senegal national football team","./explore?q=afcon%202025&geo=IN"
"real madrid vs","1K+","January 15, 2026 at 1:50:00 AM UTC+5:30","January 15, 2026 at 5:30:00 AM UTC+5:30","real madrid vs,madrid,madrid vs","./explore?q=real%20madrid%20vs&geo=IN"
"mcc","500+","January 15, 2026 at 12:10:00 PM UTC+5:30","January 15, 2026 at 2:10:00 PM UTC+5:30","mcc","./explore?q=mcc&geo=IN"
"hang seng","1K+","January 15, 2026 at 1:30:00 PM UTC+5:30","January 15, 2026 at 2:50:00 PM UTC+5:30","hang seng","./explore?q=hang%20seng&geo=IN"
"karunya plus lottery result today","2K+","January 15, 2026 at 4:10:00 PM UTC+5:30","January 15, 2026 at 5:20:00 PM UTC+5:30","karunya plus lottery result today,karunya plus lottery result,kerala lottery result today 3pm,lottery result today","./explore?q=karunya%20plus%20lottery%20result%20today&geo=IN"
"hit 3","500+","January 15, 2026 at 1:10:00 PM UTC+5:30","January 15, 2026 at 3:40:00 PM UTC+5:30","hit 3","./explore?q=hit%203&geo=IN"
"mavericks vs nuggets","500+","January 15, 2026 at 9:00:00 AM UTC+5:30","January 15, 2026 at 12:20:00 PM UTC+5:30","mavericks vs nuggets","./explore?q=mavericks%20vs%20nuggets&geo=IN"
"where to watch chelsea f.c. vs arsenal f.c.","1K+","January 15, 2026 at 1:40:00 AM UTC+5:30","January 15, 2026 at 4:20:00 AM UTC+5:30","where to watch chelsea f.c. vs arsenal f.c.,kepa arrizabalaga,chelsea f.c. vs arsenal f.c. lineups","./explore?q=where%20to%20watch%20chelsea%20f.c.%20vs%20arsenal%20f.c.&geo=IN"
"us iran news","1K+","January 14, 2026 at 11:20:00 PM UTC+5:30","January 15, 2026 at 8:40:00 AM UTC+5:30","us iran news,us iran,on","./explore?q=us%20iran%20news&geo=IN"
"border 2 trailer","200+","January 15, 2026 at 4:40:00 PM UTC+5:30","January 15, 2026 at 6:20:00 PM UTC+5:30","border 2 trailer","./explore?q=border%202%20trailer&geo=IN"
"punjab and haryana high court","500+","January 15, 2026 at 10:00:00 AM UTC+5:30","January 15, 2026 at 12:20:00 PM UTC+5:30","punjab and haryana high court","./explore?q=punjab%20and%20haryana%20high%20court&geo=IN"
"marc guiu","500+","January 15, 2026 at 1:10:00 AM UTC+5:30","January 15, 2026 at 8:00:00 AM UTC+5:30","marc guiu","./explore?q=marc%20guiu&geo=IN"
"रविंद्र जडेजा","500+","January 15, 2026 at 1:10:00 PM UTC+5:30","January 15, 2026 at 3:00:00 PM UTC+5:30","रविंद्र जडेजा","./explore?q=%E0%A4%B0%E0%A4%B5%E0%A4%BF%E0%A4%82%E0%A4%A6%E0%A5%8D%E0%A4%B0%20%E0%A4%9C%E0%A4%A1%E0%A5%87%E0%A4%9C%E0%A4%BE&geo=IN"
"bulawayo","500+","January 15, 2026 at 4:40:00 PM UTC+5:30","January 15, 2026 at 6:00:00 PM UTC+5:30","bulawayo","./explore?q=bulawayo&geo=IN"
"real madrid match","500+","January 15, 2026 at 1:30:00 AM UTC+5:30","January 15, 2026 at 4:40:00 AM UTC+5:30","real madrid match","./explore?q=real%20madrid%20match&geo=IN"
"cfa level 2 results","200+","January 15, 2026 at 6:40:00 PM UTC+5:30","January 15, 2026 at 7:40:00 PM UTC+5:30","cfa level 2 results","./explore?q=cfa%20level%202%20results&geo=IN"
"ccsu","500+","January 15, 2026 at 9:30:00 AM UTC+5:30","January 15, 2026 at 12:40:00 PM UTC+5:30","ccsu","./explore?q=ccsu&geo=IN"
"today calendar","500+","January 15, 2026 at 6:30:00 AM UTC+5:30","January 15, 2026 at 9:50:00 AM UTC+5:30","today calendar","./explore?q=today%20calendar&geo=IN"
"jac","500+","January 15, 2026 at 10:10:00 AM UTC+5:30","January 15, 2026 at 12:30:00 PM UTC+5:30","jac","./explore?q=jac&geo=IN"
"mayawati birthday","500+","January 15, 2026 at 8:10:00 AM UTC+5:30","January 15, 2026 at 11:00:00 AM UTC+5:30","mayawati birthday","./explore?q=mayawati%20birthday&geo=IN"
"gold silver price","500+","January 15, 2026 at 5:40:00 AM UTC+5:30","January 15, 2026 at 8:40:00 AM UTC+5:30","gold silver price,gold rate today 24 carat","./explore?q=gold%20silver%20price&geo=IN"
"hdfc life","500+","January 15, 2026 at 9:40:00 AM UTC+5:30","January 15, 2026 at 11:20:00 AM UTC+5:30","hdfc life","./explore?q=hdfc%20life&geo=IN"
"air india express","500+","January 15, 2026 at 2:20:00 AM UTC+5:30","January 15, 2026 at 9:40:00 AM UTC+5:30","air india express","./explore?q=air%20india%20express&geo=IN"
"nominate","500+","January 15, 2026 at 6:30:00 AM UTC+5:30","January 15, 2026 at 8:40:00 AM UTC+5:30","nominate","./explore?q=nominate&geo=IN"
"manuel manuel angel","500+","January 15, 2026 at 3:20:00 AM UTC+5:30","January 15, 2026 at 9:00:00 AM UTC+5:30","manuel manuel angel","./explore?q=manuel%20manuel%20angel&geo=IN"
"paulista a1","500+","January 15, 2026 at 6:30:00 AM UTC+5:30","January 15, 2026 at 9:40:00 AM UTC+5:30","paulista a1","./explore?q=paulista%20a1&geo=IN"
"pseb","500+","January 15, 2026 at 9:40:00 AM UTC+5:30","January 15, 2026 at 11:40:00 AM UTC+5:30","pseb","./explore?q=pseb&geo=IN"
"intel share price","200+","January 15, 2026 at 8:50:00 PM UTC+5:30","January 15, 2026 at 9:10:00 PM UTC+5:30","intel share price","./explore?q=intel%20share%20price&geo=IN"
"emma raducanu","500+","January 15, 2026 at 10:50:00 AM UTC+5:30","January 15, 2026 at 1:30:00 PM UTC+5:30","emma raducanu","./explore?q=emma%20raducanu&geo=IN"
"today stock market","500+","January 15, 2026 at 9:10:00 AM UTC+5:30","January 15, 2026 at 10:50:00 AM UTC+5:30","today stock market,dow jones index","./explore?q=today%20stock%20market&geo=IN"
"akor adams","500+","January 15, 2026 at 1:40:00 AM UTC+5:30","January 15, 2026 at 4:50:00 AM UTC+5:30","akor adams","./explore?q=akor%20adams&geo=IN"
"voting list","500+","January 15, 2026 at 8:30:00 AM UTC+5:30","January 15, 2026 at 11:10:00 AM UTC+5:30","voting list","./explore?q=voting%20list&geo=IN"
"anaganaga oka raju naveen polishetty","200+","January 15, 2026 at 4:20:00 PM UTC+5:30","January 15, 2026 at 5:00:00 PM UTC+5:30","anaganaga oka raju naveen polishetty","./explore?q=anaganaga%20oka%20raju%20naveen%20polishetty&geo=IN"
"pm awas yojana","200+","January 15, 2026 at 8:00:00 PM UTC+5:30","January 15, 2026 at 8:20:00 PM UTC+5:30","pm awas yojana","./explore?q=pm%20awas%20yojana&geo=IN"
"bangu vs flamengo","200+","January 15, 2026 at 7:10:00 AM UTC+5:30","January 15, 2026 at 9:20:00 AM UTC+5:30","bangu vs flamengo","./explore?q=bangu%20vs%20flamengo&geo=IN"
"bank of maharashtra","500+","January 15, 2026 at 10:30:00 AM UTC+5:30","January 15, 2026 at 12:00:00 PM UTC+5:30","bank of maharashtra","./explore?q=bank%20of%20maharashtra&geo=IN"
"bigg boss","500+","January 15, 2026 at 10:50:00 AM UTC+5:30","January 15, 2026 at 12:30:00 PM UTC+5:30","bigg boss","./explore?q=bigg%20boss&geo=IN"
"பொங்கல்","200+","January 15, 2026 at 7:00:00 AM UTC+5:30","January 15, 2026 at 9:20:00 AM UTC+5:30","பொங்கல்","./explore?q=%E0%AE%AA%E0%AF%8A%E0%AE%99%E0%AF%8D%E0%AE%95%E0%AE%B2%E0%AF%8D&geo=IN"
"is today a bank holiday","500+","January 15, 2026 at 9:40:00 AM UTC+5:30","January 15, 2026 at 11:20:00 AM UTC+5:30","is today a bank holiday","./explore?q=is%20today%20a%20bank%20holiday&geo=IN"
"15 जनवरी कुंभ राशिफल","200+","January 15, 2026 at 4:10:00 PM UTC+5:30","January 15, 2026 at 5:00:00 PM UTC+5:30","15 जनवरी कुंभ राशिफल","./explore?q=15%20%E0%A4%9C%E0%A4%A8%E0%A4%B5%E0%A4%B0%E0%A5%80%20%E0%A4%95%E0%A5%81%E0%A4%82%E0%A4%AD%20%E0%A4%B0%E0%A4%BE%E0%A4%B6%E0%A4%BF%E0%A4%AB%E0%A4%B2&geo=IN"
"javi villar","200+","January 15, 2026 at 2:20:00 AM UTC+5:30","January 15, 2026 at 7:40:00 AM UTC+5:30","javi villar","./explore?q=javi%20villar&geo=IN"
"mpesb","500+","January 15, 2026 at 1:30:00 PM UTC+5:30","January 15, 2026 at 2:30:00 PM UTC+5:30","mpesb","./explore?q=mpesb&geo=IN"
"imran khan actor","500+","January 15, 2026 at 12:50:00 AM UTC+5:30","January 15, 2026 at 6:20:00 AM UTC+5:30","imran khan actor,imran khan","./explore?q=imran%20khan%20actor&geo=IN"
"euphoria season 3","200+","January 15, 2026 at 12:00:00 AM UTC+5:30","January 15, 2026 at 4:50:00 AM UTC+5:30","euphoria season 3","./explore?q=euphoria%20season%203&geo=IN"
"shashi tharoor","200+","January 15, 2026 at 12:20:00 AM UTC+5:30","January 15, 2026 at 4:30:00 AM UTC+5:30","shashi tharoor","./explore?q=shashi%20tharoor&geo=IN"
"बारिश","200+","January 15, 2026 at 7:00:00 AM UTC+5:30","January 15, 2026 at 8:50:00 AM UTC+5:30","बारिश,मानसून","./explore?q=%E0%A4%AC%E0%A4%BE%E0%A4%B0%E0%A4%BF%E0%A4%B6&geo=IN"
"napoli","500+","January 15, 2026 at 12:30:00 AM UTC+5:30","January 15, 2026 at 2:00:00 AM UTC+5:30","napoli","./explore?q=napoli&geo=IN"
"mouni roy","500+","January 14, 2026 at 11:50:00 PM UTC+5:30","January 15, 2026 at 3:40:00 AM UTC+5:30","mouni roy","./explore?q=mouni%20roy&geo=IN"
"rma vs","200+","January 15, 2026 at 2:10:00 AM UTC+5:30","January 15, 2026 at 4:40:00 AM UTC+5:30","rma vs","./explore?q=rma%20vs&geo=IN"
"मूवी","200+","January 15, 2026 at 4:20:00 PM UTC+5:30","January 15, 2026 at 5:00:00 PM UTC+5:30","मूवी","./explore?q=%E0%A4%AE%E0%A5%82%E0%A4%B5%E0%A5%80&geo=IN"
"pradosh vrat kab hai","200+","January 15, 2026 at 7:30:00 AM UTC+5:30","January 15, 2026 at 9:20:00 AM UTC+5:30","pradosh vrat kab hai","./explore?q=pradosh%20vrat%20kab%20hai&geo=IN"
"elon musk net worth","200+","January 15, 2026 at 1:20:00 AM UTC+5:30","January 15, 2026 at 9:50:00 AM UTC+5:30","elon musk net worth","./explore?q=elon%20musk%20net%20worth&geo=IN"
"ben shelton","200+","January 15, 2026 at 12:10:00 PM UTC+5:30","January 15, 2026 at 1:20:00 PM UTC+5:30","ben shelton","./explore?q=ben%20shelton&geo=IN"
"prabhas raja saab box office collection","200+","January 15, 2026 at 1:10:00 AM UTC+5:30","January 15, 2026 at 6:30:00 AM UTC+5:30","prabhas raja saab box office collection","./explore?q=prabhas%20raja%20saab%20box%20office%20collection&geo=IN"
"kiss","200+","January 15, 2026 at 10:20:00 AM UTC+5:30","January 15, 2026 at 11:30:00 AM UTC+5:30","kiss","./explore?q=kiss&geo=IN"
"ademola lookman","200+","January 15, 2026 at 2:00:00 AM UTC+5:30","January 15, 2026 at 5:00:00 AM UTC+5:30","ademola lookman","./explore?q=ademola%20lookman&geo=IN"
"bayern","200+","January 15, 2026 at 1:40:00 AM UTC+5:30","January 15, 2026 at 3:50:00 AM UTC+5:30","bayern","./explore?q=bayern&geo=IN"
"celina jaitley","200+","January 15, 2026 at 2:50:00 AM UTC+5:30","January 15, 2026 at 8:40:00 AM UTC+5:30","celina jaitley","./explore?q=celina%20jaitley&geo=IN"
"super smash women","200+","January 15, 2026 at 4:50:00 AM UTC+5:30","January 15, 2026 at 7:30:00 AM UTC+5:30","super smash women","./explore?q=super%20smash%20women&geo=IN"
"raja bhaiya","200+","January 15, 2026 at 2:30:00 AM UTC+5:30","January 15, 2026 at 10:50:00 AM UTC+5:30","raja bhaiya","./explore?q=raja%20bhaiya&geo=IN"
"peacock","200+","January 15, 2026 at 6:20:00 AM UTC+5:30","January 15, 2026 at 9:10:00 AM UTC+5:30","peacock","./explore?q=peacock&geo=IN"
"uefa champions league","200+","January 15, 2026 at 2:50:00 AM UTC+5:30","January 15, 2026 at 5:00:00 AM UTC+5:30","uefa champions league","./explore?q=uefa%20champions%20league&geo=IN"
"pmc","200+","January 15, 2026 at 10:30:00 AM UTC+5:30","January 15, 2026 at 12:40:00 PM UTC+5:30","pmc","./explore?q=pmc&geo=IN"
"andriy lunin","200+","January 15, 2026 at 2:10:00 AM UTC+5:30","January 15, 2026 at 4:30:00 AM UTC+5:30","andriy lunin","./explore?q=andriy%20lunin&geo=IN"
"michael phelps","200+","January 15, 2026 at 12:20:00 AM UTC+5:30","January 15, 2026 at 3:40:00 AM UTC+5:30","michael phelps","./explore?q=michael%20phelps&geo=IN"
"clippers vs wizards","200+","January 15, 2026 at 11:50:00 AM UTC+5:30","January 15, 2026 at 12:40:00 PM UTC+5:30","clippers vs wizards","./explore?q=clippers%20vs%20wizards&geo=IN"
"omar marmoush","200+","January 14, 2026 at 11:20:00 PM UTC+5:30","January 15, 2026 at 1:30:00 AM UTC+5:30","omar marmoush","./explore?q=omar%20marmoush&geo=IN"
"iran protests","100+","January 15, 2026 at 4:00:00 AM UTC+5:30","January 15, 2026 at 5:40:00 AM UTC+5:30","iran protests","./explore?q=iran%20protests&geo=IN"
"gta vi","200+","January 15, 2026 at 6:40:00 AM UTC+5:30","January 15, 2026 at 7:50:00 AM UTC+5:30","gta vi","./explore?q=gta%20vi&geo=IN"
"vivo x200t","100+","January 15, 2026 at 3:40:00 AM UTC+5:30","January 15, 2026 at 7:30:00 AM UTC+5:30","vivo x200t","./explore?q=vivo%20x200t&geo=IN"
"jennifer lawrence","200+","January 15, 2026 at 12:40:00 AM UTC+5:30","January 15, 2026 at 4:20:00 AM UTC+5:30","jennifer lawrence","./explore?q=jennifer%20lawrence&geo=IN"
"segunda división","100+","January 15, 2026 at 3:40:00 AM UTC+5:30","January 15, 2026 at 4:50:00 AM UTC+5:30","segunda división","./explore?q=segunda%20divisi%C3%B3n&geo=IN"
"madison keys","200+","January 15, 2026 at 10:20:00 AM UTC+5:30","January 15, 2026 at 11:10:00 AM UTC+5:30","madison keys","./explore?q=madison%20keys&geo=IN"
"regretting you","100+","January 15, 2026 at 1:30:00 AM UTC+5:30","January 15, 2026 at 3:20:00 AM UTC+5:30","regretting you","./explore?q=regretting%20you&geo=IN"
"वीडियो मूवी","100+","January 15, 2026 at 2:50:00 AM UTC+5:30","January 15, 2026 at 3:50:00 AM UTC+5:30","वीडियो मूवी","./explore?q=%E0%A4%B5%E0%A5%80%E0%A4%A1%E0%A4%BF%E0%A4%AF%E0%A5%8B%20%E0%A4%AE%E0%A5%82%E0%A4%B5%E0%A5%80&geo=IN"
"umair pakistani viral video","200+","January 15, 2026 at 1:10:00 AM UTC+5:30","January 15, 2026 at 3:20:00 AM UTC+5:30","umair pakistani viral video","./explore?q=umair%20pakistani%20viral%20video&geo=IN"
"bulls vs jazz","200+","January 15, 2026 at 10:20:00 AM UTC+5:30","January 15, 2026 at 11:00:00 AM UTC+5:30","bulls vs jazz","./explore?q=bulls%20vs%20jazz&geo=IN"
"ashika ranganath","100+","January 15, 2026 at 1:10:00 AM UTC+5:30","January 15, 2026 at 7:00:00 AM UTC+5:30","ashika ranganath","./explore?q=ashika%20ranganath&geo=IN"
"apple creator studio apps","100+","January 15, 2026 at 5:00:00 AM UTC+5:30","January 15, 2026 at 6:20:00 AM UTC+5:30","apple creator studio apps,apple india","./explore?q=apple%20creator%20studio%20apps&geo=IN"
"ca","100+","January 15, 2026 at 2:50:00 AM UTC+5:30","January 15, 2026 at 4:20:00 AM UTC+5:30","ca","./explore?q=ca&geo=IN"
"al","100+","January 15, 2026 at 8:30:00 AM UTC+5:30","January 15, 2026 at 9:10:00 AM UTC+5:30","al","./explore?q=al&geo=IN"
"viktor gyökeres","100+","January 15, 2026 at 3:30:00 AM UTC+5:30","January 15, 2026 at 4:30:00 AM UTC+5:30","viktor gyökeres","./explore?q=viktor%20gy%C3%B6keres&geo=IN"
"শুভশ্রী গঙ্গোপাধ্যায়","100+","January 15, 2026 at 1:10:00 AM UTC+5:30","January 15, 2026 at 2:10:00 AM UTC+5:30","শুভশ্রী গঙ্গোপাধ্যায়","./explore?q=%E0%A6%B6%E0%A7%81%E0%A6%AD%E0%A6%B6%E0%A7%8D%E0%A6%B0%E0%A7%80%20%E0%A6%97%E0%A6%99%E0%A7%8D%E0%A6%97%E0%A7%8B%E0%A6%AA%E0%A6%BE%E0%A6%A7%E0%A7%8D%E0%A6%AF%E0%A6%BE%E0%A6%AF%E0%A6%BC&geo=IN"
"sreeleela","200+","January 15, 2026 at 12:20:00 AM UTC+5:30","January 15, 2026 at 1:00:00 AM UTC+5:30","sreeleela","./explore?q=sreeleela&geo=IN"
"tula rashi today","100+","January 15, 2026 at 7:50:00 AM UTC+5:30","January 15, 2026 at 8:30:00 AM UTC+5:30","tula rashi today","./explore?q=tula%20rashi%20today&geo=IN"
"gta v","100+","January 15, 2026 at 7:00:00 AM UTC+5:30","January 15, 2026 at 7:40:00 AM UTC+5:30","gta v","./explore?q=gta%20v&geo=IN"
"vaa vaathiyaar release date","100+","January 15, 2026 at 7:30:00 AM UTC+5:30","January 15, 2026 at 8:20:00 AM UTC+5:30","vaa vaathiyaar release date","./explore?q=vaa%20vaathiyaar%20release%20date&geo=IN"
"ssc mts exam date 2025","100+","January 15, 2026 at 8:50:00 AM UTC+5:30","January 15, 2026 at 9:20:00 AM UTC+5:30","ssc mts exam date 2025","./explore?q=ssc%20mts%20exam%20date%202025&geo=IN"
"uber","100+","January 15, 2026 at 4:30:00 AM UTC+5:30","January 15, 2026 at 5:20:00 AM UTC+5:30","uber","./explore?q=uber&geo=IN"
"ndtv","100+","January 15, 2026 at 5:20:00 AM UTC+5:30","January 15, 2026 at 5:50:00 AM UTC+5:30","ndtv","./explore?q=ndtv&geo=IN"
"can","100+","January 15, 2026 at 7:50:00 AM UTC+5:30","January 15, 2026 at 8:20:00 AM UTC+5:30","can","./explore?q=can&geo=IN"
"nato","100+","January 15, 2026 at 1:20:00 AM UTC+5:30","January 15, 2026 at 2:30:00 AM UTC+5:30","nato","./explore?q=nato&geo=IN"
"us holidays 2026","100+","January 15, 2026 at 2:00:00 AM UTC+5:30","January 15, 2026 at 4:00:00 AM UTC+5:30","us holidays 2026","./explore?q=us%20holidays%202026&geo=IN"
"blue video","200+","January 15, 2026 at 1:00:00 AM UTC+5:30","January 15, 2026 at 1:20:00 AM UTC+5:30","blue video","./explore?q=blue%20video&geo=IN"
"bitcoin","100+","January 15, 2026 at 1:40:00 AM UTC+5:30","January 15, 2026 at 2:10:00 AM UTC+5:30","bitcoin","./explore?q=bitcoin&geo=IN"
"botschafter","100+","January 15, 2026 at 7:40:00 AM UTC+5:30","January 15, 2026 at 8:00:00 AM UTC+5:30","botschafter","./explore?q=botschafter&geo=IN"
